"2026 Notes: If it's in BLUE, it's 2025 information that was left as a placeholder and as an idea of what to expect for 2026. New category this year -- Early Drop Off and Late Pickup . Yellow needs to be updated; ALL information that's yellow is for the coorespondening week for 2025. ",,,,,,,,,,,,,,,,,,,,,,,,,,,,,,,,,,,,,,,,https://www.denvercenter.org/education/,,,
Updater Initials OR Update Complete,Details to Confirm,2025 Info Released Yet?,Category,Name,Hours,Early Drop Off (8-9 am) Y/N or time,Late Pick up (after 4) (Y/N or latest time),Registration Date,Registration Time,Registration Status,"2026 - If Blue, 2025 info",Part of Town,Location,"Cost Per Week, if Blue 2025 info",Discounts Offered,Lunch,Interesting Camp Sessions,Link,Description,Notes,Ages/Grades,PreK,Kindergarten (ages 5-6),1st-2nd Grades (Ages 6-8),3-4th Grades (Ages 8-10),5th-6th Grades (ages 9-11),7th-8th Grades (ages 11-13),9th and 10th Grades (ages 13-16),11th and 12th Grades (ages 16-18),June 1-5,June 8-12,June 15-19,June 22-26,June 29-July 3 (Holiday Week),July 6-10,July 13-17,July 20-24,July 27-31,Aug 3-7,Aug 10-14,Aug 17-21 (first week of DPS),,
BP,up to date 2026,Y,Sports,Aerial Cirque Over Denver,"9am to 3pm (options, half or full)",N,N,open,,open,"Week long camp duration. Ju 1 to Aug 17, 2026",Central Park,"Central Park (4605 Quebec St. Denver, CO. 80216)",$300/week per session (am/pm),na,Not included,aerial arts heavy,https://aerialcirqueoverdenver.com/aerial-camps/,"Camps are for ages 6 – teen. This is a beginner/intermediate aerial camp perfect for those brand new to aerial or with less than a year of aerial experience. In the week long camp your kiddo will learn technique and skills on 4 apparatuses: silks, trapeze, hoop, sling. All our instructors are certified and have experience teaching youth aerialists - our focus is on safety and fun! There are half day camp options and full day camp options. ","Learn aerial silks, trapeze, hoop, and hammock. PLEASE REVIEW: our covid policies at the top of the page! Your registration confirms your agreement. Please note there are no refunds for any reason, including changing covid policies; we follow CDC and city guidelines.

Our summer camps fill quickly! Register now to snag a spot.",6 to teen,No,6 to teen,6 to teen,6 to teen,6 to teen,6 to teen,6 to teen,6 to teen,Y,Y,Y,Y,Y,Y,Y,Y,Y,Y,Y,Y,,
AY,,Yes,,Flame Lily Montessori,half or full day ,8:15 AM,,OPEN! ,OPEN! ,OPEN! ,,17th and Fulton,1666 Elmira St,$1400/month half day; $1700/month full day,,Yes,"Visit Museums/Zoos, water days, crafts, more!",ana@flamelilymontessori.org,"Butterfly Pavilion, Children's Museum, Zoo, gardening, water days, craft days and more",https://www.flamelilymontessori.org/,3-7 year olds,Yes,Yes,,,,,,,,,,,,,,,,,,,,
,,,Cooking,Little Kitchen Academy,"3 hour classes; 9:00a-12:00p (3-5 yo.), 12:30p-3:30p (6-8 yo.), 4:00p-7:00p (9-12 yo.)",,,"Feb. 2nd, 2023 - Click here to visit website",,,,"9+CO Development, Hilltop","4064 E 8th Place, Denver, CO 80220",$675/camp week per student,,"Yes, students can eat what they create","Every week students will learn to create a breakfast dish, three savory dishes, and end with a dessert dish on the final day. Little Kitchen Academy is Montessori-inspired, and gives students their own station, tools, and their own recipe work. ",https://www.amilia.com/store/en/little-kitchen-academy---denver9co/shop/programs,"Our summer sessions offer children a unique alternative to summer activities, and gets them away from being in front of their screens. Your children will leave our kitchen excited about the ingredients, recipes and foods they have tried, and feel empowered to prepare them at home for the family. Give your children a unique experience for their summer by registering now.","LKA is an entirely nut free environment. We do not use any meat, poulty or seafood in our recipes. We will also be offering Teen Nights on Fri/Sat nights during the summer.",Age 3-12,Y,Y,Y,Y,Y,Up to age 12 for camps,,,Y,Y,Y,Y,Y,Y,Y,Y,Y,Y,Y,Y,,
,,,Performing Arts,Colorado AMP,"9-12 year olds 9-12pm
13-16 year olds 1-4pm",,,Open/rolling,,Open,,Arvada,"8141 N I-70 Frontage Rd, Unit 7B, Arvada, CO 80002",$199 but scholarships and sliding scale fees are available,"Y, financial need based",Yes,"Yes, kids get the chance to learn multiple musical instruments and form a band with peers. ",https://coloradoamp.org/summer-camp/,,,9-16,No,,,Ages 9-12 in morning sessions,Ages 9-12 in morning sessions,"Ages 9-12 in morning sessions
Ages 13-16 in afternoon sessions",Ages 13-16 in afternoon sessions,Agest 13-16 in afternoon sessions,Y,Y,Y,Y,,,Y,Y,Y,Y,,,,
,,,Performing Arts,CU LYNX Camps,9am - 4:30pm,,4:30 PM,Yes,,,,Auraria,"CU Denver Campus
1150 10th Street",$500/ week,Yes - needs based,No,,https://artsandmedia.ucdenver.edu/prospective-students/lynx-camps?fbclid=IwAR17dezjFA107g_OCDvQwD-bkLP9RyVKf6yd5ARTiOX1zTfHR4yc93oVRdc,,,Ages 14-18,,,,,,,Ages 14-18,,,,,,,,,,,,,,,
MM,,,Sports,Swimming Simply,"9am-3pm Full-Day
9am-12pm Half Day
12pm-3pm Half Day",8:45 AM,,Opens 12/5. Early Bird pricing for full-day camp with code CampEarlyBird50off2026,Open now,Open,"6 one-week camps: 6/9-6/27
7/14-8/1","Aurora, Central Park (full-day, AM and PM Mini-cmaps), Wheat Ridge (AM mini-camps only)","Aurora Central High School
Adams City High School
HInkley High School
Swim Otters Pool in Wheat Ridge","$400- Half Day, $550 Full Day ($360 and $440 for week of 6/15)","Early Bird code: CampEarlyBird50off2026, sibling discount",No,"- K-Pop Demon Hunters
- Star Wars
- Magic (Harry Potter/Wicked)",https://www.swimmingsimply.com/swim-camp,"Swim Camp is the very best way to get your swimmer improving quickly!  Our instructors will kick start your swimmer's abilities during this unique, instructive, and (most of all) FUN Swim Camp!
We watch some incredible swimming videos, make crafts, play games, and ensure that your swimmer has a terrific swimming experience!","Full Day camp is for kids aged 7-14 (exceptions based on ability) who can swim freestyle and backstroke for at least 25 yards. Older swimmers should have some familiarity with breaststroke and butterfly. (6:1 Swimmer to Instructor Ratio)

Half Day camp is for kids aged 4-7 who still need some help with becoming independent in the water. (3:1 Swimmer to Instructor Ratio)",Ages 4-14,4-14 yrs,4-14 yrs,4-14 yrs,4-14 yrs,4-14 yrs,4-14 yrs,4-14 yrs,,K-pop Demon Hunters,Star Wars,Magic (Harry Potter),K-Pop Demon Hunters,No Camp,Star Wars,Magic (Harry Potter/Wicked),No camp,no camp,no camp,no camp,,,
,,,Sports,Pedalheads,"Ages 3&4 - 9-10:30am &10:45am-12:15pm
Half Day Ages 4+ - 9am-12pm & 1-4pm
Full Day Ages 4+ - 9am - 4pm",,,Opens feb 6 for summer registration ,,,,"Broomfield, Littleton","New Legacy Charter
2091 Dayton Street","Ages 3&4 - $189
Half Day - $275
Full Day - $479
*sometimes has a $50 coupon! - stay tuned for more info*",N,No,Trail riding at Westerly Creek,https://www.pedalheads.com/camp,,,*VERIFY* Age 3 - 9+,*VERIFY* Age 3 - 9+,*VERIFY* Age 3 - 9+,*VERIFY* Age 3 - 9+,*VERIFY* Age 3 - 9+,*VERIFY* Age 3 - 9+,,,,,,,,,,,,,,,,,
,,,Performing Arts,"Denver Center for the 
Performing Arts",,,,,,,,Business District ,,,,,,,,"This organization has run camps in past years, 
currently there is no information posted for 
camps this summer.",,,,,,,,,,,,,,,,,,,,,,,
,,,Outdoors,Botanic Garden Camps,,,,1/13 members; 1/17 nonmembers,,,,Capitol Hill,York Street,"$300 per week non-members, $275 per week members",Membership rates,,"The Gardens has camps for kids only that are full of garden explorations, games, activities, mindfulness and plants to take home.",https://www.botanicgardens.org/education/children-family-programs/garden-camps-kids,,,Ages 6-12,,Ages 6-12,Ages 6-12,Ages 6-12,Ages 6-12,Ages 6-12,,,,,,,,,,,,,,,,
,,,Sports,Altitude All Sports- Multisport,9 am-12pm,,,,,,"Summer camps: 6/9, 6/16, 6/30, 7/7, 7/14, 7/21 also have continuous sports leagues",Central Park,Central Park,"$200 week multisport camp, $600 for all four weeks","10% off when you register 2 people
10% off when you register 3 people
$20.00 off when you register 2 for the same person
$40.00 off when you register 3 for the same person
$160.00 off when you register 4 for the same person",Not included,,https://altitudeallsports.com/,"Altitude All Sports is dedicated to developing your child’s basic athletic skills through a series of fun drills and games. Rotating through traditional sports curriculums, participants will have the opportunity to develop various essential sports skills and lay the groundwork for future athletic competition. During the age of technology, now more than ever, it is so important to encourage healthy physical activity. At Altitude All Sports, we promise your children will Learn, Have Fun and Play Hard!",,ages 4-12,ages 4-12,ages 4-12,ages 4-12,ages 4-12,ages 4-12,ages 4-12,,,,x,x,,x,x,x,x,,,,,,
,,,Language,Be In Fluent In French,"December 18th, December 19th, December 20th
9 am to 12 pm",,,,,,,Central Park,Central Park,Cost: $360 Location: Central Park.,,,,,"Winter French Mini Camp:

December 18th, December 19th, December 20th
9 am to 12 pm

Ages 5 to 12. Cost: $360 Location: Central Park.

",,,,x,x,x,x,x,,,,,,,,,,,,,,,,
,,,Sports,Bladium (now TOCA),"8am - 5pm
Half day sessions. Don't appear to be full days",Y,Y,Y,,,,Central Park,"Bladium Sports Club
2400 Central Park Blvd",$325/week,N,No,N,https://www.tocafootball.com/center-programs/denver-2soccer-07camps,,,Ages 5-12,,Ages 5-12,Ages 5-12,Ages 5-12,Ages 5-12,Ages 5-12,,,,,,,,,,,,,,,,
,,,Variety and Science,Camp Explore,"9am-12pm, extended care 12-3",,Y 12-4pm,open now,,,Weeks: June 8-12 and/or June 15-19 AND/OR 2025-June 22-26 2026,Central Park,Westerly Creek Elementary,$265 per weekly session,Scholarships available,"No, snacks provided","Session 1- It's A Buggy World, June 8-12, Session 2-Ninja Warrior June 15-19, Session 3- Ooey Gooey June 22-26",Camp Explore Registration Form,Summer Camp Flyer and Information about Camp Explore,,Rising ECE- Rising 5th graders,yes,yes,yes,yes,Rising 5th graders,no,no,no,X,It's A Buggy World,Ninja Warriors,Ooey Gooey,X,X,X,X,X,X,X,X,,
nm,,Yes,Education Performance,Camp Tiff,"Half Day 1-5 pm, Some all Day 9-5",,5:00 PM,Open Now,,,,Central Park,Roaming Gnome Theater,"Half Day $400/week, Full Day $700/week",Discount if you register for Morning RGT Camp and Afternoon Tiff Camp,No,"Rocking the Decades 2.0, Beatlemania, HERStory Camp",https://sites.google.com/view/tiffcamps?usp=sharing,"At Tiff Camps, we commit to teaching truthful, humanity-centered history that elevates marginalized voices. Through music, storytelling, and a foundation of radical love, we help children imagine new possibilities and recognize their own power. Our work nurtures young thinkers who question, create, and move toward a more liberated and joyful future.",Taught by an Isabella Bird 2nd Grade Teacher as an extension of a program she offers during the school year,"Some camps 6-12, others 7-12",No,Ages 6+,Ages 6-12,Ages 6-12,Ages 6-12,No,No,No,X,X,X,Beatlemania,X,Beatlemania,Rockin' The Decades 2.0 (FULL DAY),Rockin' the Decades (Half Day),X,HerStory Rocks!,X,X,,
,,,Cooking,Create Cooking School,"Half Day AM & PM options
8 - 11am or 1-4pm",,,,,,,Central Park,"Create Cooking School - Stanley
Marketplace",$300 half day,N,No,"Y - two different themes (""Trips"") 
that repeat",https://createfoods.co/pages/junior-chef-summer-camps-2021 https://createfoods.co/pages/junior-chef-summer-camps-2022?fbclid=IwAR2f4i7k6BFxiFRjUXSfFVZi1boYD-C7N5P2AMCUKp9zOhSIMOYOolRodeI,,,DISCREPANCY rising 3rd - 5th grade vs 3rd-8th grade,,,,DISCREPANCY rising 3rd - 5th grade vs 3rd-8th grade,DISCREPANCY rising 3rd - 5th grade vs 3rd-8th grade,DISCREPANCY rising 3rd - 5th grade vs 3rd-8th grade,,,,,,,,,,,,,,,,
,,,Fashion/Sewing ,Factory Fashion (formerly Factory Five Five),varies by camp - half day or full day options,,,Open Now ,,,,Central Park,Stanley Marketplace,varies by camp - $150-$350 / week,,,,https://www.factoryfashionstanley.com/basic-sewing-fashion-camp-2024,,theatre and / or fashion camps,"a few options for 5-7 year olds, most camps are for 8+",,"a few options for 5-7 year olds, most camps are for 8+","a few options for 5-7 year olds, most camps are for 8+","a few options for 5-7 year olds, most camps are for 8+","a few options for 5-7 year olds, most camps are for 8+",,,,,,,,,,,,,,,,,
,,,Math/Reading Tutoring,"Kumon Math & Reading 
Summer Camp","30 mins per subject/day. 
Twice a week in-class/online with daily practice. 
Center Hours: 2 - 6.30pm Mon, Tues (online), 
Wed, Thur",,,,,,,Central Park,"2373 Central Park Blvd #105, 
Denver, CO 80238","$58.33/Week/subject
$700/summer/subject (total of 12 weeks + 5 free weeks)","Y - sibling & mutliple
subject",No,No,"https://www.kumon.com/denver-central-park

Email:
denvercentralpark@ikumon.com",,"2 in-class/online per week with 
daily practice at home. 
Need to schedule a free 
assessment for the student 
before starting. 
Enrollment open and 
assessment will be 
scheduled in the month 
of May.
Email for information.",**VERIFY** Age 5 or 6-18,,**VERIFY** Age 5 or 6-18,**VERIFY** Age 5 or 6-18,**VERIFY** Age 5 or 6-18,**VERIFY** Age 5 or 6-18,**VERIFY** Age 5 or 6-18,**VERIFY** Age 5 or 6-18,**VERIFY** Age 5 or 6-18,,,,,,,,,,,,,,
,,,Sports,Tada Gymnastics Central Park,8:30 to 3:30,8:30 AM,,12:00 AM,,,,Central Park,"Quebec Square
7506 E 36th Ave, Ste 35
Denver, CO 80238","$459-$500/Week
",,,"6/5 Summer Fun
6/6 Summer Fun
6/9 Summer Fun
6/16 Gymnastics
6/23 Cheer
7/7 Gymnastics
7/14 Ninja/Lego
7/21 Cheer
7/28 Summer Games
8/4 Summer Fun",https://tadagymnastics.com/camps/,,,Ages 5-10,,yes,yes,yes,,,,,yes,yes,yes,yes,No camp,yes,yes,yes,yes,yes,,,,
,,,Outdoors,Urban Farm,"9am-12pm or 9am-3pm - ages 4-5
9am-3pm - ages 6-12
*Horse Camp has half & full day
options",,,"Early Bird for TUF members open now.
Standard Registration opens
February 1st",,,,Central Park,"The Urban Farm
10200 Smith Road","$300 half day
$350 full day
Horse Camp $350-$600
Junior Counselor - $150",Y - members & early bird,No,"Each day, campers will focus on a particular area of the Farm, learning how to care for animals, plant seeds, and be stewards of the land. Animal interactions including engaging and working with sheep, goats, chickens, rabbits, donkey and miniature horses. Campers will get their hands in the dirty while gardening in soil and then travel to the greenhouse to learn the magic and science behind growing food with Aeroponics and Aquaponics. We offer a range of authentic, hands-on activities that invite participation in the farm’s day-to-day operations. In addition, their time here will include crafts, and games supporting what they learned and experienced day. 

Horse camp (only half day, full day starts at 8)
Very Young Riders (Ages 5-7, No experience necessary): 
July 11- June 15 | July 18 - July 22 (9:00 am - 12:00pm)
Cost: TUF Family Members- $320 | Non-Member Early Bird - $340 | Open Registration - $350",https://www.theurbanfarm.org/summer-camp-tuf,,,"Ages 4-5 (Storybook Farm)
Ages 6-7 (Fun on the Farm)
Ages 8-9 (All Around the Farm)
Ages 10-12 (Urban Farmer)
Ages 5+ (Horse Camp)
Junior Counselor - ""teens""","Ages 4-5 (Storybook Farm)
Ages 6-7 (Fun on the Farm)
Ages 8-9 (All Around the Farm)
Ages 10-12 (Urban Farmer)
Ages 5+ (Horse Camp)
Junior Counselor - ""teens""","Ages 4-5 (Storybook Farm)
Ages 6-7 (Fun on the Farm)
Ages 8-9 (All Around the Farm)
Ages 10-12 (Urban Farmer)
Ages 5+ (Horse Camp)
Junior Counselor - ""teens""","Ages 4-5 (Storybook Farm)
Ages 6-7 (Fun on the Farm)
Ages 8-9 (All Around the Farm)
Ages 10-12 (Urban Farmer)
Ages 5+ (Horse Camp)
Junior Counselor - ""teens""","Ages 4-5 (Storybook Farm)
Ages 6-7 (Fun on the Farm)
Ages 8-9 (All Around the Farm)
Ages 10-12 (Urban Farmer)
Ages 5+ (Horse Camp)
Junior Counselor - ""teens""","Ages 4-5 (Storybook Farm)
Ages 6-7 (Fun on the Farm)
Ages 8-9 (All Around the Farm)
Ages 10-12 (Urban Farmer)
Ages 5+ (Horse Camp)
Junior Counselor - ""teens""","Ages 4-5 (Storybook Farm)
Ages 6-7 (Fun on the Farm)
Ages 8-9 (All Around the Farm)
Ages 10-12 (Urban Farmer)
Ages 5+ (Horse Camp)
Junior Counselor - ""teens""","Ages 4-5 (Storybook Farm)
Ages 6-7 (Fun on the Farm)
Ages 8-9 (All Around the Farm)
Ages 10-12 (Urban Farmer)
Ages 5+ (Horse Camp)
Junior Counselor - ""teens""","Ages 4-5 (Storybook Farm)
Ages 6-7 (Fun on the Farm)
Ages 8-9 (All Around the Farm)
Ages 10-12 (Urban Farmer)
Ages 5+ (Horse Camp)
Junior Counselor - ""teens""",,,,,,,,,,,,,,
,,,Outdoors,Bluff Lake Camp,9:00am - 3:00pm (8-9am before care and 3-5pm aftercare),8:00 AM,5:00 PM,12:00 AM,7:00 AM,,June 2-August 15,Central Park ,"Bluff Lake Nature Center - 
11255 M.L.K. Jr Blvd",$445;  $150 aftercare,Scholarships available,No,See schedules and themes: https://www.blufflake.org/camp/schedule-themes,https://www.blufflake.org/camp25,"Camp is 100% outdoors, with all the mud, sun, dirt, rain, and bugs campers could want. If the weather is bad we hold camp under shelter. 

Camp groups will be four to eight campers and one counselor. Small groups often pair up to do activities or play games. 

Daily activities vary by session, but typically include one craft and one activity per day, and we always spend some time wading in Sand Creek to cool down and explore. ",,"Ages 5-6
Ages 7-12
Junior Counselor - ages 13-17",Ages 5-6,Ages 5-6,"Ages 5-6
Ages 7-12","
Ages 7-12
","
Ages 7-12
","Ages 7-12
Junior Counselor - ages 13-17",Junior Counselor - ages 13-17,,Y,Y,Y,Y,Y,Y,Y,Y,Y,Y,Y,,,
,,,Sports,Bounce Gymnastics,"Half Day AM & PM options
8:30am - 12pm or 12:30 - 4pm",,,January 2nd 2024,,,,Central Park ,Bounce - Stanley Marketplace,"$235 half day
",Y - sibling & early bird,No,N,https://bouncegymnasticsco.com/summer-camp/,,can combine with other half day camps at Stanley for full day coverage,rising Kindergarten - 8th grade,,rising Kindergarten - 8th grade,rising Kindergarten - 8th grade,rising Kindergarten - 8th grade,rising Kindergarten - 8th grade,rising Kindergarten - 8th grade,,,,,,,,,,,,,,,,
,,,Dance,Dancin' Dreams,,,,,,,,Central Park ,,,,,,https://www.dancindreams.com/,,"This dance studio has run camps in past years, 
currently there is no information posted for 
camps this summer.",,,,,,,,,,,,,,,,,,,,,,,
,,,Art - Ceramics,Friend Assembly Studio ,"Half - Day Mon-Fri 9-12pm for Handbuilding 5-10 years old, 1-4pm 10+ Potters Wheel",,,OPEN! ,OPEN!,OPEN!,Weeks of 6/10-8/12 *skip week of 7/1 (4th of July),Central Park ,"Stanley Marketplace - SUITE 200, formerly Factory Fashion location ","$300 for  5-10yrs Handbuilding, $350 for 10+ Wheel ",12 Scholarships available! Apply online ,no ,"A vareity of themes for both handbuilding and wheel throwing in a pottery studio. Artists will make both sculptural and functional work.  There are 3 days of clay construction and 2 days of glazing. Classes are small (max 12) and have 2 teachers, so students are very supported in bringing their creations to life!",https://friendassembly.com/summer-camp-2024,"3 hour pottery camp. Kids learn handbuilding techniques, surface design, glazing, and all about the process of pottery. 10+ kids will spend 3-4 days on the potters wheels! Kids make betwen 4-6 projects and will truly cherish every one! ","Clay is the best! Run by former art teachers, we love working with artists of all ages, and LOVE clay!","5-10 AM camp, 10+ PM Camp",not at this time,y,y,y,y,y,y,y,,,,,,,,,,,,,,
,,,STEM/STEAM,Mindcraft Makerspace,"8:30am-12pm/ 12:30-4pm*
*option to link two camps for full day
*extended care until 5:30pm ($30/child)",Y,,,,,,Central Park ,,"varies by theme
~$295-345/ half day camp",Y - sibling discount,No,Y - ~10 themes that repeat,https://www.mindcraftmakerspace.com/new-summer2024calendar,,"can combine two half days sessions at Mindcraft, or with another half day camp at Stanley (e.g., Bounce) for full day coverage","Ages 5-10+
",,"Ages 5-10+
","Ages 5-10+
","Ages 5-10+
","Ages 5-10+
","Ages 5-10+
","Ages 5-10+
","Ages 5-10+
",,,,,,,,,,,,,,
,,,Art,Neighborhood Art Studio,"Half Day AM & PM options
9am - 12pm or 1 - 4pm",,,,,,,Central Park ,"Neighborhood Art Studio
4890 Ironton St Unit 6A","~$225-$249 half day (price varies
slightly by theme/ # of days)",Y - sibling discount,No,"Y - theme the same for 
AM & PM sessions weekly",https://neighborhoodartstudio.com/summer-camps,,,Ages 5-12,,Ages 5-12,Ages 5-12,Ages 5-12,Ages 5-12,Ages 5-12,,,,,,,,,,,,,,,,
,,,Arts,Neighborhood Music,"Storybook Theatre - 9am-12pm
Full day camps 9am - 1/3/4pm
*see website for camp specific hours",,,,,,,Central Park ,Stanley Market ,"~$350 but varies 
with program",N,No,"Y - many themes (see
website)",https://factoryfivefive.com/summer-camp-2022/,,,"Storybook Theatre - ages 5&6
All other camps ages 7+",,"Storybook Theatre - ages 5&6
All other camps ages 7+","Storybook Theatre - ages 5&6
All other camps ages 7+","Storybook Theatre - ages 5&6
All other camps ages 7+","Storybook Theatre - ages 5&6
All other camps ages 7+","Storybook Theatre - ages 5&6
All other camps ages 7+","Storybook Theatre - ages 5&6
All other camps ages 7+",,,,,,,,,,,,,,,
,,,Sports,TOCA Denver / Bladium Kids,"half day session, 8-12 and 1-5",,,,,,,Central Park ,Bladium,$175 / week,,,,https://www.bladiumdenver.com/kids/,,half day sessions can be combined for full day coverage,Ages 5-12,,Ages 5-12,Ages 5-12,Ages 5-12,Ages 5-12,Ages 5-12,,,,,,,,,,,,,,,,
,,,Sports,Ubbergrippen,"8:30am - 5pm (camp day runs 9am - 4:30pm)
but extended drop-off/pick-up included",8:30 AM,,Jan 1 registration opens,,,,Central Park ,"Ubergrippen
8610 E 21st Ave",$465/week,Y - members & multi week,Yes,"Y - weekly themes that repeat through
the summer",https://ugclimbing.com/youth/camps-2/,,,Ages 7 - 13,,,Ages 7 - 13,Ages 7 - 13,Ages 7 - 13,Ages 7 - 13,,,,,,,,,,,,,,,,
KL,,,Sports (Soccer),Fussbally,9am-2pm,No,5:00 PM,Open now,OPEN!,OPEN!,2026,Central Park (Nfield),North Sports Field (near Inspire Elementary),$450,15% Earlybird discount (December15),Child brings own,"Finishing/shooting, Feints/tricks, 1v1, German coaches",https://fussbally.com/youth-summer-soccer-camps/,"Detailed technical soccer training, daily challenges & competitions",The best youth soccer trainings in Denver!,5-12,No,Y,Y,Y,Y,Y,,,Y,Y,Y,Y,Y,Y,Y,Y,Y,Y,Y,Y,,
MSP,up to date 2026,Y,Outdoors,"AVID 4 Adventure - 
Central Park","Half Day (Bike & Paddle) - 9 - 11:45am
Full Day - 9am - 3pm  aftercare is 8a - 5:30p",8:00 AM,5:30 PM,Dec 9,,Open,June - August - specific dates not available yet,"Central Park, Washington Park, Cherry Creek","Central Park location: TBD; Wash Park location:  Jun-July: Stephen Knight Center for Early Ed, 3245 E Exposition Ave, Denver
August: Celebration Community Church,1650 S Birch St. Denver; Other metro area locations also available","$620 per week
$310 for half day camps
prices go up 12/31","Y - multi week discounts 
& dicount codes",No,"Adventure
SUP
Rock Climbing
Mountain Biking
Survival Skills
Kayaking
",https://avid4.com,"We believe in the transformative power of the outdoors. At Avid4 Adventure your kids build confidence, make new friends, and master essential skills in activities like paddling, biking, rock climbing, and hiking. We offer exciting day camps and extended overnight options designed to inspire young explorers.","Pre-K - 1st Grade (Learn to Bike)
K-1st Grade (Explorer Camp)
2nd - 7th grades (Mountain Biking, Survival Skills,
Adventure Camp)
6th - 12th grades (overnight camps and expeditions)",PreK-12th grade,PreK-12th grade,PreK-12th grade,PreK-12th grade,PreK-12th grade,PreK-12th grade,PreK-12th grade,PreK-12th grade,PreK-12th grade,,Y,Y,Y,Y,Y,Y,Y,Y,Y,,,,
NM,,,Arts/Theater,Roaming Gnome Theater,"Morning Session: 9am-12pm
Afternoon Session: 1pm-4pm
HOGWARTS CAMP 9-4 June 8-12",Yes,Yes,Now Open,,Now Open,"9 Week Sessions
June 9-August 15",Central Park/Aurora near Stanley Market,"10255 E 25th Ave Unit 5, Aurora, CO 80010","Half Day: $300 for each session with $100 automatically deducted if you book for both sessions
Hogwarts Camp: $500","If you book at RGT for the
morning and Tiff Camp
for the afternoon they can
save $100",If doing full day students need to bring their own lunch,"Performance Camps (Ages 5-12): K-Pop Demon Hunters, Taylor Swift, Wicked, Disney Sidekicks, Disney Villans, Christmas in July, Hadestown, Pop Star
Storybook Theater (Ages 4-8): Llama Llama, Very Hungry Catepillar, Mo Willems

Specialty Camps: Acting for Screen Camp; Bluey Camp; Lego Master Camp; Hogwarts Camp; Improv Games, Playwriting",https://www.roaminggnometheatre.com/summer-camps-2026,"Performance Camps are perfect for students who love being on stage but aren't ready for the commitment of a full-length production. In just one week, campers will dive into a dynamic theatre experience, learning 3 to 4 exciting songs complete with music and choreography, as well as several engaging short scenes based on the camp's theme.
Storybook Theatre camp offers a magical experience for young actors as they bring a beloved children's book to life on stage. Throughout the week, campers will learn essential theatre skills like blocking, projection, and teamwork, while also enjoying creative activities such as crafting costumes. With songs, dances, and lively scenes, the camp culminates in a final performance on Friday at 11:30 am. Whether new to acting or experienced, this camp is a fun way to build confidence, improve public speaking, and make lasting friendships!","There are also some specialty camps such as Acting for Screens, Improv Games, Playwriting, and Lego Masters & Bluey Camps!","Ages 4+ but some camps are better suited for kids 8+
Some of the specialty Camps are for kids 10-15 
Recomended Ages are on the website
","Yes, Storybook Camp",Yes,Yes,Yes,Yes,,No,No,X,HOGWARTS (Full Day),"Morning Session: Master of Bricks/Lego (Ages 8+)
Storybook: Llama Llama (ages 4-8)
Afternoon Session: K-Pop Demon Hunters Performance Camp","Morning Session: Taylor Swift Performance Camp
Afternoon Session: Disney Sidekicks Performance Camp",,"Morning Session: Disney Villans Performance Camp
Specialty Camp: Triple Threat Camp (Ages 8+)

Afternoon Session: Wicked Performance Camp","Morning Session: Acting for the Screen (Ages 8+)
Storybook: The Very Hungry Caterpillar
Afternoon Session: K-Pop Demon Hunters Performance Camp","Morning Session: Christmas in July Performance Camp
Specialty Camp: Mythical Creatures (ages 8+)
Afternoon Session: Taylor Swift Performance Camp","Morning Session: Bluey Camp 
Afternoon Session: Wicked Performance Camp","Morning Session: Acting For the Screen (8+)
Improv Games (10+)
Afternoon Session: Hadestown Performance Camp","Morning Session: Play Writing (10+)
Storybook: Mo Willems
Afternoon Session: Pop Star Performance Camp",,,
,,,Education/ Business,"Young Americans Center for Financial Education- Young AmeriTowne, InternationalTowne, YouthBiz, Money Matters",9:30 AM - 3:30PM,,,Opens January 6th,,,"June 9-August 1
Offerings vary by week",Cherry Creek,,$300,,,,https://yacenter.org/summer-camps/,,,Rising 3rd-8th,,,,3rd-8th,3rd-8th,3rd-8th,,,,YES,YES,YES,YES,YES,YES,YES,YES,,,,,
,,,Variety,City of Aurora,Varies,,,12:00 AM,,,,Cherry Creek ,Various locations,Varies,,,,https://issuu.com/aurora.co/docs/2022_pros_summer_camp_guide,,,Ages 2-17,Ages 2-17,Ages 2-17,Ages 2-17,Ages 2-17,Ages 2-17,Ages 2-17,Ages 2-17,,,,,,,,,,,,,,,
,,,Sports,Community Sailing,9-3:30,,,,,,,Cherry Creek ,Cherry Creek Resevoir,$467 or $442 for early bird,,,,https://www.communitysailing.org/,,,7-10 and 10-17 are the age groups,,,7-10 and 10-17 are the age groups,7-10 and 10-17 are the age groups,7-10 and 10-17 are the age groups,7-10 and 10-17 are the age groups,7-10 and 10-17 are the age groups,,,,,,,,,,,,,,,
MSP,up to date 2026,yes,Science,Denver Museum of Nature and Science,9 - 3:30,N,N,"January 27, 2026 (members) at 10 a.m.
February 4, 2026 (public)",10:00 AM,,6/1-8/7,City Park,DMNS,$375 member | $410 nonmember,scholarships available,No,,https://www.dmns.org/programs-and-events/science-camps/summer-science-camp/,"Summer Day Camps get brains and bodies moving! Learn and play as we experiment, create, build, ask questions, and develop a knowledge of and passion for science. Our camps are led by experienced educators offering the best opportunity for fun and learning. For full day camps, children must be at least 5 years of age on or before their first day of camp.",,K - 6th Grade,,K - 6th Grade,K - 6th Grade,K - 6th Grade,K - 6th Grade,,,,yes,yes,"yes, 4 days (no camp 6/19)",yes,no,yes ,yes,yes,yes,yes,N,N,,
MSP,up to date 2026,yes,Animals & Nature,Denver Zoo,9am - 4pm (aftercare available until 5:30 for $100/week),N,5:30 PM,"January 13 
for members
 January 14
for public",?,Open,5/27–8/7,City Park,Denver Zoo,"$449/week (aftercare for $100/week)

*different price for 4-day weeks & 8th grade 
specialty camp",Access to Awe Scholarship Fund. The scholarship application will open on December 29 and submissions reviewed beginning January 5,No,See schedule,https://denverzoo.org/safari-camps/,"Safari Camps provide the perfect adventure for campers that have the drive and desire to discover an affection for animals. Camps feature animal experiences, zoo expeditions, engineering authentic solutions to real-world challenges, and hands-on, camper-driven exploration.",,K-9th,,K-9th,K-9th,K-9th,K-9th,K-9th,K-9th,,Y,Y,Y,Y,Y,Y,Y,Y,Y,Y,,,,
,,,Art,Mile High Animation,9am to 3:30 day camp,,,Open Ended,,,June 10-August,City Park,"1633 Fillmore St - Suite 408, Denver 80206",750/wk,,,,,,,,,,,,,,,,,,,,,,,,,,,,,
,,,Science,Worldmind Nature Immersion School (city park),9a - 3p,,,,,,,City Park,,$400 ,,,"Systems Science
Aquatic Macroinvertebrates
Atmosphere
Hydrosphere
Biosphere
Lithosphere
Ecosystems

At City Park or Prospect Park",https://worldmindeducation.org/programs/summer-camp,,,,,,,,,,,,,,,,,,,,,,,,,
,,,Sports/Outdoors,Hana & Lala's Tiny Tumble Bus,2 Sessions (AM/PM) AM;8:30-12:30 PM; 1:30-5:30),,,Opens Dec 30th (Early Bird Pricing until March 1),9 AM Dec 30th in 2025,,"June 9- August 15, One short week June 30-July 3",City Park,City Park,$275/week $500/week for both sessions,"Yes, sibling discounts. Early bird discount until March 1 and discount on a birthday party package if they book a week!",No,"Each 4-hour session combines time inside our fully equipped mobile play bus with outdoor activities like traditional camp games and team sports. Each week will also have a theme!
Choose from morning or afternoon sessions, or sign up for both to double the fun!",tinytumblebus.com,Check our website to get all the details starting Dec 30th!,Must be potty trained!,Ages 3-5,Yes!,5 year olds!,Not at this time,Not at this time,Not at this time,Not at this time,Not at this time,Not at this time,No,YES,YES,YES,YES,YES,YES,YES,YES,YES,YES,YES,,
,,,Science,Denver Botanic Gardens,9a - 4p,,,Mid January,,,,City Park ,,$260 (last year),,,"Must be member to get early registration
Ready, Set…Grow!
Potions and Plants
Art in the Garden",https://www.botanicgardens.org/education/children-family-programs/garden-camps-kids,,,,,,,,,,,,,,,,,,,,,,,,,
,,,Science,Summer Safari,9 am to 4 pm,,,,,,,City Park ,Denver Zoo,$310 for non-members,,,,https://denverzoo.org/summer-safari/,,"registration opens 1/19 at 9 for non-members, spots go very quickly",5+ (turning 5 by 10/15/22),,5+ (turning 5 by 10/15/22),5+ (turning 5 by 10/15/22),5+ (turning 5 by 10/15/22),5+ (turning 5 by 10/15/22),5+ (turning 5 by 10/15/22),,,,,,,,,,,,,,,,
,,,,Champ Camp,"9-4 pm; 
Flex drop off, 7:30-9 am
Flex pick up, 4-5:30 pm",,,open now; register by 3/29 for discount,,,,Colfax and Colorado,"Champions at Strasburg Elementary School
56729 E. Colorado Avenue
StrasburgCO 80136",,,,,,,,,,,,,,,,,,,,,,,,,,,,,,
,,,Musical Theater/Dance,Mile High Youth Theater,"9 - 12, 1 - 4, and 9 - 4 options",,,,,,June 9 - August 8,Congress Park,940 Fillmore St.,$225 - $500,Scholarships available,No,,https://www.mhyt.org/summercamp,"Theater, Broadway Dance, Improv, etc",,4-18+,,,,,,,,,,,,,,,,,,,,,,
,,,Traditional Day Camp,Steve & Kate's,8am - 6pm,Y,Y,,,,"6/9-8/8



6/9 - 8/15","Den - Park Hill


Den - Curtis Park","St. Elizabeth's 
1800 N Pontiac St., Denver, CO 80220
Montessori Academy of Colorado
2500 Curtis Street, Denver, CO 80205","$119/day

$3570 for Full Summer 
","Full summer discount
Financial Aid available",Yes,"At Steve & Kate’s, campers choose which activities they do, whom they do it with and for how long every day. 
Every week we supplement our main offering of activities with thrill-inducing weekly specials.",https://steveandkatescamp.com/denver/,"All materials, hours, lunch and snacks included. 
Coding. Sewing. Baking. Making. Sporting. Filming. Lounging. Every day, campers face the excruciating task of choosing from these and many more engrossing activities. Some select a mix of many. Others burrow deep into one or two. Either way, each day they face new experiences bristling with trade-offs and tantalizing possibilities.

In the early morning and late afternoon, campers ramp up and wind down with recreational choices.",Day pass model - great for filling in gaps or using as drop in care through the summer in addition to using as a weekly/full summer option.,Ages 5-12,,Ages 5-12,Ages 5-12,Ages 5-12,Ages 5-12,Ages 5-12,,,,,,,,,,,,,,,,
,,,Sports,Wake Surf Camp (Grommet Surf Camp),8:00 am - 4pm,8:00 AM,,Registration open ,Open now,open,"6/9 - 6/11
6/23 - 6/25
7/14 - 7/16
",DTC/Fort Collins,Cherry Creek Resevoir/Horsetooth,$829,,yes,,https://www.ilmadventures.com/kids-surf-camp-denver-co,,,8-14,,8-14,8-14,8-14,8-14,8-14,8-14,,,,,,,,,,,,,,,
,,,"Arts, Athletics, Tiny Farm Day, Academics, Innovation & Technology",Kent Denver Summer,,,,"Monday, January 5 at 8 a.m.",,,,Englewood,"4000 East Quincy Avenue
Englewood, Colorado 80113",,,,,https://www.kentdenver.org/summer,,,,,,,,,,,,,,,,,,,,,,,,,
,,,Sports,Tada Gymnastics Broadway,8:30 to 3:30,8:30 AM,,12:00 AM,,,,Englewood ,"2950 S. Broadway Unit C
Englewood, CO 80113
",$459-$500/Week,,,"6/5 Single Day Camps 6/5 & 6/6
6/9 Ninja/Lego Camp
6/16 Cheer Camp
6/23 Gymnastics Camp
7/7 Summer Fun Camp
7/14 Cheer Camp
7/21Gymnastics Camp
7/28 Summer Games Camp
8/4 Summer Fun Camp",https://tadagymnastics.com/camps/,,,Ages 5-10,,yes,yes,yes,,,,,yes,yes,yes,yes,No camp,yes,yes,yes,yes,yes,,,,
,,,Dance,Cleo Parker Robinson International Summer Dance Institute,Not specified (previous spreadsheet said 9 am-3 pm with no before or after care),,,Open now,,Open,June 9 - July 25 (June 16-July 3 are Children’s Weeks for Ages 3-13),Five Points ,"Cleo Parker Robinson Dance
119 Park Ave W. 
Denver, CO 80205","Children's Weeks: $450 (Holiday week is $300)

Different prices for teen/adult camps ","""Discounts and scholarships available""",,,https://cleoparkerdance.org/isdi/,,No experience needed for Children's Weeks,Ages 3 to Adult,Ages 3-15,Ages 3-15,Ages 3-15,Ages 3-15,Ages 3-15,Ages 3-15,Ages 3-15,Ages 3 to Adult,,Y (Ages 9-13 only),Y (Ages 3-13),Y (Ages 3-13),Y (Ages 3-13),Y (Ages 9-Adult),Y (Ages 9-Adult),Y (Ages 13-Adult),,,,,,
,,,Art,Craftsman & Apprentice,9am - 3pm (aftercare 3-5pm),N,N,Open,,Open,June 1-Aug14,Five Points ,2655 N. Downing (NEW flagship location),$575/ 10% multicamp discount (siblings included),10% off for 2 or more sessions or siblings,No,"Toy Shop, Dream House, Woodland Wonders, Woodshop, Advanced Cardboard",https://craftsmanandapprentice.com/pages/summer-2025,"Our mission is to give kids space to be themselves, to be creative, and to have fun!  It's our 12th camp season and we cannot wait to roll open the garage door on our new forever home! We'll have three class spaces and easy access to the playground. ",,Ages 5 - 12,,Ages 5 - 12 (Recommend completion of K to handle the multi-age camp),Ages 5 - 12,Ages 5 - 12,Ages 5 - 12,Ages 5 - 12,,,Y,Y,Y,Y,Y,Y,Y,Y,Y,Y,Y,,,
SM,,,"Traditional Day Camp
STEM Speciality Camp
Sports Camp
Theatre Camp",JCC Camp Shai,8:30am - 3:45pm (with optional morning and aftercare),Y - 7:30 - 8:30am,Y - 4:00 - 5:30pm,Late January,10:00 AM,,,Glendale,Graland Country Day School,"VERIFY** $475/week Traditional Day Camp - $900/ 2 week session
Speciality Camps - $950/ 2 week session",N,no,Y,https://www.jccdenver.org/camps/camp-shai/,,All campers go to the JCC to swim twice per week!,K-8th,,"Traditional Day Camp - grades K-6
STEM Speciality Camp - grades K-5
Sports Camp - grades K-6
Wolf Theatre Academy - grades 2-5","Traditional Day Camp - grades K-6
STEM Speciality Camp - grades K-5
Sports Camp - grades K-6
Wolf Theatre Academy - grades 2-5","Traditional Day Camp - grades K-6
STEM Speciality Camp - grades K-5
Sports Camp - grades K-6
Wolf Theatre Academy - grades 2-5","Traditional Day Camp - grades K-6
STEM Speciality Camp - grades K-5
Sports Camp - grades K-6
Wolf Theatre Academy - grades 2-5",CIT,,,,Y,Y,Y,Y,Y,Y,Y,Y,Y,Y,,,
LMC,,,Art,Rocky Mountain Quilt Museum Kids Kamp,9-3,,,EARLY REGISTRATION for Members Jan 12th 10 am. Non Members 1/30,,,,Golden,"200 Violet Street, Suite 140
Golden, CO 80401",$400,"Kids can apply for ½ or Full scholarship options from Dec. 1 – 30, 2025.  ",,,https://www.rmqm.org/kids-kamp.htm,,,8-15,,,,Y,Y,Y,Y,Y,Y,Y,"Advanced students, by invitation only",Y,,,,,,,,,,
,,,Performing Arts and Sports,Dream Big,"**VERIFY ** 8:30am - 3pm
*extended day 7:30am - 6pm
* Half day (8:30am - 12:30pm offered for
Pre-K)",Y,6:00 PM,Y,,,,Hampden,"Denver Jewish Day School
2450 S Wabash Street",$630 (down to $583/wk for 3 week session),7.5% discount (to $583/wk) for a 3 week session,"Available for order - not 
included in tuition.","Tripping Camp at Robinson Park
Soccer camp (half day) at Cranmer Park",https://www.dreambigdaycamp.com/denver-2nd-5th-grade-campers/#1611045056304-bd304a5d-ec5e,,"Traditional Day Camp
Speciality camps offered for several specific 
sports and cooking. See website for
details.","** VERIFY ** Pre-K
Kinder & 1st grades
2nd - 5th grades
6th-8th grades
9th - 11th grades",,"** VERIFY ** Pre-K
Kinder & 1st grades
2nd - 5th grades
6th-8th grades
9th - 11th grades","** VERIFY ** Pre-K
Kinder & 1st grades
2nd - 5th grades
6th-8th grades
9th - 11th grades",,,,,,,,,,,,,,,,,,,
,,,Sports,Tada Gymnastics Highlands,8:30 to 3:30,8:30 AM,,12:00 AM,,,,Highlands,"4433 W. 29th Ave, Ste. 103
Denver, Colorado 80212
",$459-$500/Week,,,"6/5 Single Day Camps 6/5 & 6/6
6/9 Cheer Camp
6/16 Summer Fun Camp
6/23 Gymnastics Camp
7/7 Cheer Camp
7/14 Ninja/Lego Camp
7/21 Gymnastics Camp
7/28 Summer Games Camp
8/4 Summer Fun* Camp",https://tadagymnastics.com/camps/,,,Ages 5-10,,yes,yes,yes,,,,,yes,yes,yes,yes,No camp,yes,yes,yes,yes,yes,,,,
MC,,,Mindfulness/Art/Movement,space,9:00am-3pm,,5:00 PM,EARLY BIRD OPEN,,,,Highlands/Wheat Ridge,"3810 Pierce Street, Wheat Ridge",$475/week - $150 for 5pm pickup,"$100 off Early bird, 10% sibling discount","No, snacks provided","Little Wellness Retreats  - A weekly creative + mindfulness experience for kids!

Kids get to paint on the walls without limits or bounds and create tangible art projects rooted in mindfulness. Each week explores a new theme like heart, breath, roots, goals and more. 

Kids move their bodies through gentle yoga, learn simple emotional-regulation tools and start tuning into their own intuition in fun, accessible ways.

This isn’t just for “calm” or “zen” kids, it’s for every kid who benefits from space to create, connect and feel their feelings in a healthy, supported way.",https://www.spacednvr.com/summercampinspace,"Little Wellness Retreats  - A weekly creative + mindfulness experience for kids!

Kids get to paint on the walls without limits or bounds and create tangible art projects rooted in mindfulness. Each week explores a new theme like heart, breath, roots, goals and more. 

Kids move their bodies through gentle yoga, learn simple emotional-regulation tools and start tuning into their own intuition in fun, accessible ways.

This isn’t just for “calm” or “zen” kids, it’s for every kid who benefits from space to create, connect and feel their feelings in a healthy, supported way.",Instills mindfulness through communal and creative exercises that build confidence and connection to self in a comforting and supportive space. ,Ages 5-12,,Y,Y,Y,Y,,,,,,Y - EMPATHY (theme),,Y - HEART (theme),,,Y - BREATH (theme),,,,,,
,,,Variety,Curious Jane,9:00-3:30pm  (9-12:30 or 9-3:30) + early drop off or aftercare 8:00am-5:00pm,,,,,,,Hilltop,Graland Country Day School 55 Clermont St,"Half Day: $285 + $15 materials fee
Full Day: $485 + $15 materials fee",Yes - siblings & multi-week,No,Yes see the website for details,https://curiousjane.fun/camp/denver/,,"Camp themes include Kitchen Chemistry, Spy Science, Wired 101 and Make-It Wear-It for 3rd -6th grades and Mythical Creatures, Mini World, Wild Rides and Ooey Gooey Science for K-2nd grades. Once campers finish 6th grade, we invite them to join Curious Jane staff as Counselors In Training (7th - 9th grades). Email lauren@curiousjane.fun for more info",Ages 4-14,Ages 4-14,Ages 4-14,Ages 4-14,Ages 4-14,Ages 4-14,Ages 4-14,Ages 4-14,,,,,,,,,,,,,,,
EP,,,Variety ,Summer Day Camp,,,,Feb 17th (books quick!),,,,Lakewood,TBD,($175/wk) + sibling 20% OFF,,,,https://co-lakewood.civicrec.com/CO/lakewood-co/catalog/index?filter=Y2F0ZWdvcnklNUIyOTY2MyU1RD0xJnNlYXJjaD0mcmVudGFsJTVCZnJvbSU1RD0mcmVudGFsJTVCdG8lNUQ9JjY4YjIwNmU3ZjlkMjk2MjY1NTczNzQ2ODUxN2EzZmFlPWE2NjViM2Q3YmZiNDUzOWE2YTU0MThmMmUzOWI1MWI4,,,GALAXY (5-6),,GALAXY (5-6),GALAXY (5-6),,,,,,,,,,,,,,,,,,,
EP,,,Variety ,Summer Day Camp,,,,Feb 17th (books quick!),,,,Lakewood,TBD,($175/wk) + sibling 20% OFF,,,,https://co-lakewood.civicrec.com/CO/lakewood-co/catalog/index?filter=Y2F0ZWdvcnklNUIyOTY2MyU1RD0xJnNlYXJjaD0mcmVudGFsJTVCZnJvbSU1RD0mcmVudGFsJTVCdG8lNUQ9JjY4YjIwNmU3ZjlkMjk2MjY1NTczNzQ2ODUxN2EzZmFlPWE2NjViM2Q3YmZiNDUzOWE2YTU0MThmMmUzOWI1MWI5,,,ODASSY (7-9),,,ODASSY (7-9),ODASSY (7-9),ODASSY (7-9),ODASSY (7-9),,,,,,,,,,,,,,,,
EP,,,Variety ,Summer Day Camp,,,,Feb 17th (books quick!),,,,Lakewood,TBD,($175/wk) + sibling 20% OFF,,,,https://co-lakewood.civicrec.com/CO/lakewood-co/catalog/index?filter=Y2F0ZWdvcnklNUIyOTY2MyU1RD0xJnNlYXJjaD0mcmVudGFsJTVCZnJvbSU1RD0mcmVudGFsJTVCdG8lNUQ9JjY4YjIwNmU3ZjlkMjk2MjY1NTczNzQ2ODUxN2EzZmFlPWE2NjViM2Q3YmZiNDUzOWE2YTU0MThmMmUzOWI1MWI6,,,ECO (10-12),,,,ECO (10-12),ECO (10-12),ECO (10-12),,,,,,,,,,,,,,,,
,,,Variety,Colorado Academy,"Half Day or Full Day Options
9am-12pm, 12:30 - 3:30pm 
OR 9am - 3:30pm
* extended day 7am - 6:15pm",,,Y,,,,Lakewood (Bear Valley),"Colorado Academy
3800 S Pierce Street","Varies by camp - see website
$20 COVID fee
$25 registration fee",Y - multi week discounts,No,"Y - many themes (see
website)",https://www.coloradoacademysummer.org/?gclid=Cj0KCQiAyJOBBhDCARIsAJG2h5eWHm21-XLizCYLSrUXsBsueQlJNEyc-bKG9FmOsFiG9nKrLAsLuagaAlC4EALw_wcB,,,"School Age (Pre-K - 5th grade)
Middle School (Grades 6-8)
Upper School (Grades 9 -12)",,"School Age (Pre-K - 5th grade)
Middle School (Grades 6-8)
Upper School (Grades 9 -12)","School Age (Pre-K - 5th grade)
Middle School (Grades 6-8)
Upper School (Grades 9 -12)","School Age (Pre-K - 5th grade)
Middle School (Grades 6-8)
Upper School (Grades 9 -12)","School Age (Pre-K - 5th grade)
Middle School (Grades 6-8)
Upper School (Grades 9 -12)","School Age (Pre-K - 5th grade)
Middle School (Grades 6-8)
Upper School (Grades 9 -12)","School Age (Pre-K - 5th grade)
Middle School (Grades 6-8)
Upper School (Grades 9 -12)",,,,,,,,,,,,,,,
,,,sports,Denver Equestrians,9a - 3:30p,,,,,,,Littleton,,$750 ,,,"5200 West Coal Mine Avenue
Littleton, Colorado 80123",https://www.denverequestrians.com/,,,,,,,,,,,,,,,,,,,,,,,,,
,,,Sports,Big Bear Ice Skating aka Lace 'em Up Skating,,,,,,,,Lowry,,"195 for 3 day camps, 8 am to 11:45",,,,https://www.bigbearice.com/?gclid=Cj0KCQiA0oagBhDHARIsAI-BbgecFAwpAGTU91bAFspoUijVb-I3-O2V_xSMMcorrRDvMGg6iyE-6cQaAnzWEALw_wcB,,"A CPM mom told us about this; i see summer camps but not Spring Break, so stay tuned or give them a call! ",,,,,,,,,,"June 6-8, 2023. ",,,,,Y,,,,Y,,,,
,,,STEM/STEAM,Code Ninjas,"Half Day: 8:30-11:30am OR 12-3pm
Full Day: 8:30am - 3pm *full day achieved by
signing up for both AM & PM sessions in the 
same week",8:30 AM,,Y,,,,Lowry,101 Ulster Court (Lowry),"Half Day: $225
Full Day: $450",No,Snacks included - no lunch,Yes - see here for details,https://www.codeninjas.com/co-denver/camps,,,"Ages 7 - 14 
2nd - 5th grades
6-8th grades",,,"Ages 7 - 14 
2nd - 5th grades
6-8th grades","Ages 7 - 14 
2nd - 5th grades
6-8th grades","Ages 7 - 14 
2nd - 5th grades
6-8th grades","Ages 7 - 14 
2nd - 5th grades
6-8th grades","Ages 7 - 14 
2nd - 5th grades
6-8th grades",,,,,,,,,,,,,,,
,,,"Language (French, Spanish, & Chinese) Camps","International School
of Denver",8:30 a.m. - 3:30 p.m (aftercare from 3:45-5 pm included in cost of camp),8:30 AM,,"No
Open to Students 2/22/21
Open to Public 3/1/21",,coming in december,,Lowry,"International School of Denver
7701 East First Place, Unit C",$400-$550 a week,No,"Yes, snacks & lunch 
included","Yes - see website for details, weekly
themes for both English & 
Language camps",https://www.isdenver.org/enrichment/camps,"Fun organized summer activites, previous attendees enjoyed it, but mentioned that most of the activites are in English, rather than the target language. ","Camps in Spanish, French, Chinese offered; mostly wait list as of 3/31/22",Ages 3 - 14,Ages 3 - 14,Ages 3 - 14,Ages 3 - 14,Ages 3 - 14,Ages 3 - 14,Ages 3 - 14,Ages 3 - 14,,,,,,,,,,,,,,,
,,,General/Themed,"Stanley British 
Primary School",8:30am - 3pm,8:30 AM,,Y,1/16/2024 at 9AM,,Weeks 6/3-7/15,Lowry,"Stanley British Primary School
350 Quebec Street","$400 + $25 registration fee
Hogwarts = $435",N,No,Y,https://www.stanleybps.org/site/Default.aspx?PageID=4489,,,"Day Camp Program:
rising Kindergarten - 2nd grade
Specialty Camp Program:
rising 3rd - 8th grades
","Day Camp Program:
rising Kindergarten - 2nd grade
Specialty Camp Program:
rising 3rd - 8th grades
","Day Camp Program:
rising Kindergarten - 2nd grade
Specialty Camp Program:
rising 3rd - 8th grades
","Day Camp Program:
rising Kindergarten - 2nd grade
Specialty Camp Program:
rising 3rd - 8th grades
","Day Camp Program:
rising Kindergarten - 2nd grade
Specialty Camp Program:
rising 3rd - 8th grades
","Day Camp Program:
rising Kindergarten - 2nd grade
Specialty Camp Program:
rising 3rd - 8th grades
","Day Camp Program:
rising Kindergarten - 2nd grade
Specialty Camp Program:
rising 3rd - 8th grades
",,,,,,,,,,,,,,,,
,,,STEM/STEAM,Camp Invention,9 a.m. – 3:30 p.m,,,,,,,Multiple (outside of Denver),,$255 ,,,Only 6/6-6/10 at Steele or William Roberts,https://www.invent.org/programs/camp-invention?fbclid=IwAR1Ar9minuuwGHL2RgxiuuPk15c0XkbcXUosuGRINEVpKgX6KptWsUWuw1E,"A confidence-boosting STEM summer camp where kids build creative inventions and lasting friendships. Led by qualified local educators, our camps offer new and exciting hands-on experiences every year.",,,,,,,,,,,,,,,,,,,,,,,,
,,,Dance,Dance Institute of Denver,"Ages 4-6 - 9:30am-12pm
Ages 6-9 - 9:30am-12pm (+ Afternoon Art Camp
option - 1-3:30pm)
Ages 8-13 - 1-4:30pm
HipHop - 10am-12pm",,,"Y - website indicates 
registration is open but 
camps are not listed in
schedule yet.",,,,Northeast Park Hill,4601 Quebec Street,"Ages 4-6 - $150
Ages 6-9 - $150 + Art Camp - $175
Ages 8-13 - $175
HipHop - $125","Combining AM & PM 
camps",No,N,https://www.danceinstitutedenver.com/summer-schedule/,,,"Ages 4-6
Ages 6-9
Ages 8-13","Ages 4-6
Ages 6-9
Ages 8-13","Ages 4-6
Ages 6-9
Ages 8-13","Ages 4-6
Ages 6-9
Ages 8-13","Ages 4-6
Ages 6-9
Ages 8-13","Ages 4-6
Ages 6-9
Ages 8-13","Ages 4-6
Ages 6-9
Ages 8-13","Ages 4-6
Ages 6-9
Ages 8-13",,,,,,,,,,,,,,,
,,,Sports,Altitude All Sports- Tennis,9 am-12pm,,,,,,"6/9, 6/16",Northfield,Northfield High School,"$250 week, $450 for both","10% off when you register 2 people
10% off when you register 3 people",Not included,,https://altitudeallsports.com/,,,ages 5-10,ages 5-10,ages 5-10,ages 5-10,ages 5-10,ages 5-10,,,,,x,x,,,,,,,,,,,
EP,,,Performing Arts,Apex Music Camp,,,,,,,,Northglen,,"$319 week
$219/full week (half days)
$99/single day
$50/half day",For every additional sibling/friend who attends the camp we will honor a $25 discount to the total amount paid. For every additional sibling/friend who attends the camp we will honor a $25 discount to the total amount paid.,,,https://www.apexmusicacademy.com/music-camp-sign-up,"Hey! I just dropped my son off at a music camp we sort of found by chance and it looks awesome! They rented the Dolce Event Center off 6th and chambers and filled it with so many instruments and DJ equipment.  The two guys running it seems great, but I think they struggled with advertising because there aren't a ton of kids.  They're still open to taking kiddos of any age this week, or individual days for $50 per day (including today if you want to get out of the heat). Drop off is 8-8:45 and pickup is at 5.  It really looks like a lot of fun, thought I'd see if anyone is looking for an activity this week. Comment here if interested and I'll send you the directors contact info. (It's also called Apex music camp if you want to find them online)",,,,,,,,,,,,,,,,,,,,,,,,
,,,Art,Art Garage,"Half Day AM & PM options
9am - 12pm or 1 - 4pm - can be combined into a full day",,,"Lottery Opened: January 10th-13th, 2025",,,June 9 - August 15,Park Hill,"Art Garage
6100 E 23rd Ave",$285 for half day ($570 for full day),Scholarships available,No,"Y - themes change by age group 
and AM/PM sessions, see schedule https://artgaragedenver.com/articles/310",https://artgaragedenver.com/articles/271,"The Art Garage’s unique visual art summer camps each explore an artistic theme, style, or medium and are led by skilled working artists and art facilitators. Young artists of all skill levels will explore a wide variety of art materials, learn new techniques, and build confidence through choice-based learning, getting messy, and exercising their creative muscles!",,"Ages 3-5
Ages 6-8
Ages 9-12",Ages 3-5 (AM sessions only for 3s),"Ages 3-5
Ages 6-8","
Ages 6-8
","
Ages 6-8
Ages 9-12","
Ages 6-8
Ages 9-12","
Ages 6-8
Ages 9-12",,,,Y,Y,Y,Y,Y,Y,Y,Y,Y,Y,,,
,,,STEM/STEAM,Camp Galileo,"9am-3pm
extended care 8am - 6pm",,,12:00 AM,,,,Park Hill,Odyssey School of Denver,$525 ,Y - early bird,No,Y - 3 themes that repeat,https://galileo-camps.com/our-camps/summer-camp-galileo/,,,"Rising Kindergarteners - Rising 6th grade
CIT - Rising 7th - 10th grade",,"Rising Kindergarteners - Rising 6th grade
CIT - Rising 7th - 10th grade","Rising Kindergarteners - Rising 6th grade
CIT - Rising 7th - 10th grade","Rising Kindergarteners - Rising 6th grade
CIT - Rising 7th - 10th grade","Rising Kindergarteners - Rising 6th grade
CIT - Rising 7th - 10th grade","Rising Kindergarteners - Rising 6th grade
CIT - Rising 7th - 10th grade",,,,,,,,,,,,,,,,
MM,Up to date 2026,Y,Art,Art Camp with Matty Miller Studio,9:00am-3:00pm,N,N,"Registration is open!

www.mattymiller.com/teaching ",,Open,June & July,Park Hill/East Colfax/Central Park,Matty's House - across from McNichols park ,$575/week ,Sibling/mult-week 10% off ARTADVENTURES,Not provided,"Music & Art 
 Puppet Camp
Pet Shop Art Camp 
Art Explorers ",Www.mattymiller.com/teaching,"Small camps with emphasis on art-making, open choice creating time, and community. We have small camp sizes with ~15 kids plus 2 art teachers and high school interns. Lots of support for kids to be empowered as artists. We have lunch and play everyday at McNichols Park across the street.","2026 Camps: 
Music & Art 
Puppet Camp
Pet Shop Art Camp 
Art Explorers ",6+,,,Y,Y,Y,Y,,,,y,y,y,y,,,,,,,,, 
,,,DPS Summer Camp,Discovery Link,8:10 a.m-8:30am,Y,,Jan 23rd @ 6 a.m. ,6:00 AM,,"6/10-8/2, excludes 3 days",University,University Park Elementary ,"Individual Blocks M-F=$73, 4 Blocks a day=$292",Need based,No,"Y - see Bill Roberts themes here. Asbury, Bradley, Brown, Denver Language School, Isabella Bird, McKinley-Thatcher, Sandoval, Swiger, Teller, University Park, and Westerly Creek; Barnum, Colfax, DCIS Fairmont, Kaiser, Traylor, and Valverde",https://docs.google.com/document/d/1WyUsNxdDhH9rBIKWsH3aPGksHAJKP4dwvZE1xftoqsI/edit,,"Discovery Link offers summer camps for students aged 5-12 years old* at various locations throughout Denver. Select locations also offer ECE summer camps for students aged 3-4 years old**. Summer camps will include outdoor programming and engaging activities in the visual and performing arts, sports, science and cultural exploration. All programming will incorporate Social Emotional Academic Learning and student relationship building. *Students must turn 5 years old by October 1, 2022 to attend summer camp.   ""PSA regarding Discovery Link summer camp registration: when you enter your signature before checkout, just click “close” even though it looks like the system is “thinking.” It took me way too long to figure it out, and I hope I didn’t lose our place in line. 🤦🏻‍♀️""","Ages 5-12
",K - 5th Grade,K - 5th Grade,K - 5th Grade,K - 5th Grade,K - 5th Grade,K - 5th Grade,,,,,,,,,,,,,,,,
,,,Sports ,DU P.A.S.S. Camp,,,,,,,,University,,"General Registration(Open 1/17/23): $445/week

Add Early Care (8:00-9:00 a.m.): $45/week
Add Late Care (4:00-5:00 p.m.): $45/week
Add Lunch: $60/week

Full payment is due at the time of registration.",,,,https://ritchiecenter.du.edu/sports/2020/5/5/pass-camp.aspx,,,,,,,,,,,,"WEEK 2: JUNE 5-9 
Sport Majors: Soccer, Volleyball, Ultimate Frisbee, Floor Hockey
","WEEK 3: JUNE 12-16
Sport Majors: Dance, Golf, Lacrosse, Ice Hockey/Skating Skills
","WEEK 4: JUNE 19-23 
Sport Majors: Flag Football, Basketball, Track & Field, Boxing
","WEEK 5: JUNE 26 - 30
Sport Majors: Lacrosse, Rugby, Fencing, Capoeira","WEEK 6: JULY 5-7 (3-day)
Sport Majors: Dance, Softball, Volleyball","WEEK 7: JULY 10-14 
Sport Majors: Tennis, Basketball, Floor Hockey, Flag Football","WEEK 8: JULY 17-21
Sport Majors: Basketball, Soccer, Lacrosse, Floor Hockey
","WEEK 9: JULY 24-28
Sport Majors: Rugby, Ultimate Frisbee, Martial Arts, Dance
","WEEK 10: JULY 31 - AUGUST 4 
Sport Majors: Lacrosse, Softball, Boxing, Soccer","WEEK 11: AUGUST 7-11
Sport Majors: Basketball, Floor Hockey, Fencing, Capoeira","WEEK 12: AUGUST 14-18
Sport Majors: Golf, Track & Field, Rugby, Martial Arts",,,
,,,Sports,TOT Basketball Handling Camp,9:00-12:00,,,Open Now!,,,6/24-2/28,University,"Stephen Knight Center for Early Educaiton Gym    3245 E Exposition Ave, Denver, CO 80209",$275/week,$25 off with code TOTFAM,,Camp has a Dinosaur Theme!,Click here for more information and to register!,"TOT Summer Camp will be happening June 24-28! Join us for a 5-morning drop-off camp that is sure to thrill your little one (and give you a much-needed break)! Camp is for 3-year-olds to rising Kinders! Must be potty trained! Camp will consist of TOT Basketball handling lessons (dino-themed), crafts, music, games, playtime, and new friendships! Spots are limited!
",Must be potty trained!,3-5/6 years old (rising kinders),3-5/6 years old (rising kinders),3-5/6 years old (rising kinders),,,,,,,,,,9:00-12:00  June24-28,,,,,,,,,,
,,,STEM/STEAM,Summer at Rick's (DU),8:30 - 4 with before and aftercare available,8:30 AM,Y,Summer at Ricks brochure and camp registration will go live in late January.,,,,University ,DU Campus (Rick's Center),(last year $360/week),,,,https://www.du.edu/ricks/camp/extended-care.html,,Quality full-day camp (STEAM-based) that is less expensive than other places and starts as young as 3 years old.,3 years old to rising 8th graders,3 years old to rising 8th graders,3 years old to rising 8th graders,3 years old to rising 8th graders,3 years old to rising 8th graders,3 years old to rising 8th graders,3 years old to rising 8th graders,,,,,,,,,,,,,,,,
,,,General,Augustana Early Learning Center,8am-5pm,Y,Y,Typically mid-march,,,,Virginia village,"5000 East Alameda Avenue, Denver, CO 80246","SUMMER EXPLORERS 2024: SCHOOL-AGE SUMMER CAMP PROGRAM	
FULL-TIME SUMMER CAMP (10 weeks)	$3,050
PART-TIME SUMMER CAMP  (5 weeks: first 5 weeks or last 5 weeks)	$1,860
SUMMER CAMP ACTIVITY FEE	$150",,,Different theme per week,https://www.aelcdenver.org/,,,Grade K-5th,,,,,,,,,,,,,,,,,,,,,,
,,,Variety,"Caresplit enrichment camps @ home - Now Grasshopper Kids, see that row.","Mon - Thurs; half day 9 - 12, or you can do 2-a-day 9-12 and 1-4",,,,,,,,Your house,"half day starting at $215/week, day starting at $430/week",,,,https://www.caresplit.com/camps/,,"early bird registration, 2-4+ kids per camp at home sibs or your friends, teachers come to you",Ages 3-12,Ages 3-12,Ages 3-12,Ages 3-12,Ages 3-12,Ages 3-12,Ages 3-12,,,,,,,,,,,,,,,,
,,,Dance,Cherry Creek Dance,9-11:30am,,,Y,,,,,2625 E 3rd Avenue,"Can register by the day or week;
5 Days in a single week $285 
4 Days in a single week $240 
3 Days in a single week $180 
2 Days in a single week $130 
1 Day in a single week $70","Y - early sign up by 3/1 & 
multi week",No,Y - different princess each week,https://docs.google.com/forms/d/e/1FAIpQLSeXysn6xj7P6LobwdKqohDt-bh4IM3mygWqTUspOH4FithpKA/viewform,,,"Ages 2-3
Ages 4-5
Ages 6-9","Ages 2-3
Ages 4-5
Ages 6-9","Ages 2-3
Ages 4-5
Ages 6-9","Ages 2-3
Ages 4-5
Ages 6-9","Ages 2-3
Ages 4-5
Ages 6-9","Ages 2-3
Ages 4-5
Ages 6-9",,,,,,,,,,,,,,,,,
,,,sports,Dardano's,TBD,,,N - TBD,,,,,"Dardanos
2250 Kearney St.",TBD,,,Y,https://www.dardanosgym.com/camp/,,TBD,Ages 3-5,Ages 3-5,Ages 3-5,,,,,,,,,,,,,,,,,,,,
,,,sports,Denver Fencing Center,,,,,,,,,,,,,,https://denverfencingcenter.com,,,,,,,,,,,,,,,,,,,,,,,,,
,,,Language camp,Denver Language School ,,,,,,,,,,,,,,,,,,,,,,,,,,,,,,,,,,,,,,,
,,,sports,Denver Rec,9a - 3p,,,3rd week of Feb,,,,,,$540 for entire time ($67.50/week),,,"City Park 9-3 $540
Swansea 9-4 $630
6/6 - 7/29",https://www.denvergov.org/Government/Agencies-Departments-Offices/Agencies-Departments-Offices-Directory/Parks-Recreation/Activities-Programs/Out-of-School-Time-Special-Events,,,,,,,,,,,,,,,,,,,,,,,,,
,,,,Denver Tour Club,,,,,,,,,,,,,,www.denvertourclub.com,"Since 2015 we've been taking kids on field trips over summer break, school holidays, and select weekends and evenings. 
We travel together in one vehicle which means siblings can always stay together! This also offers kids the rare and fun opportunity to make friends with kids of different ages. By demonstrating respect and friendliness and going to awesome destinations, we're able to make sure that kids love coming on our adventures! And with all the running, swimming and playing around, your kids are likely to be exhausted at pick up. We are also insured to provide tour services for adults and are currently doing so per special request. ","Daily openings for adventures next week, July 17-21! Small group size, exciting destinations and activities, and a ton of exercise! Register today at denvertourclub.com before we’re on a waitlist ☀️🤿

#fieldtrips #happykids #getoutside #recessallday #arventurecamp #denverkids #denvermoms #coloradokids #crawdads #catchandrelease #summercamp #summerbreak",,,,,,,,,,,,,,,,,,,,,,,
,,,,Four Mile Historic Park,,,,,,,,,,,,,,,Four Mile's Way Back Weeks camp has set dates! Join us for Week 1 from June 19th-23rd or Week 2 from July 17th-21st. More information about Way Back Weeks and sign ups will be avilable at the end of the month!,,,,,,,,,,,,,,,,,,,,,,,,
,,,,Galileo,9-3p plus an aftercare option from 8am-6pm,8:00 AM,6:00 PM,,,,,,Odyssey School of Denver,$475/week ($425 for early bird sign-up) and gets cheaper if you buy more,,,,https://galileo-camps.com/our-camps/camp-finder/,,"Themes: Amusement Park, Castles and Quests, and Dinosaur Dig",,,,,,,,,,,,,,,,,,,,,,,
,,,,Grasshopper Kids (formerly Caresplit?),"half-day camp
Monday through Friday
9A - 12P OR 1 -4P
---------------------------- 
Full-DaY Camp
Monday through Friday
9A - 4P
",,,,,,,,,"Ad Hoc Experiences: 2 kids, $120/2hour, 3 kids or more, $50 per kid/2 hours
half-day camp
9A - 12P OR 1 -4P
4 kid minimum
$325 per child ---------------------------- 
Full-DaY Camp
9A - 4P
4 kid minimum
$650 per child",,,"Performing Arts, Art, Sew a Unicorn, Spanish Language, STEM camp, kinder prep camp, Chess and more. ",https://www.grasshopperkids.com/enrichment-camps,"2 hour camps at your home: Grasshopper Kids brings the magic of the playground to your home, facilitated by talented teachers sharing their passions and crafts. Parents get to have coffee, and live their dreams, while kids learn, socialize, and have fun.",,,,,,,,,,,,,,,,,,,,,,,,
,,,Sports,HERO Kid Sports,"Half-day camp: 8:30 am-12 pm / Full-day camp: 8:30 am-3:30 pm​​
",8:30 AM,,,,,,,,,Apply code 'Sibling25' at checkout for a sibling discount,,,https://www.herokidsports.com/,"HERO Coaches are expertly trained in creating an inclusive, socially, and emotionally supportive, FUN camp experience for all campers. We strike the perfect balance between structure and play while providing a foundation for important mentoring relationships for each kiddo.","Power Kickin' Soccer, Touchdown Flag Football, Slap Shot Field Hockey, Spike Volleyball, Cartwheels and Tumblin' Time Gymnastics, Power Lacrosse, Go Track & Field, Jumpers and Dunks Basketball, Home Run Baseball, Mindfulness Yoga Flow, Blast Kickball​",3-11 yo,yes,yes,yes,yes,yes,yes,,,,,,,,,,,,,,,,
,,,,MAC's program KidzToPros,8a - 5p,Y,Y,January,,,,,,$429/week,,,"6/6 - 8/5
Makerspace vehicles and structural engineering + play it all sports
Wonder robotics + play it all sports
Makerspace games and toys + play it all sports",https://www.kidztopros.com/locations/Montessori-Academy-of-Colorado-summer-camps-in-Denver-US-CO?grades=PreK-K&period=2022-06-06--2022-06-10,,,,,,,,,,,,,,,,,,,,,,,,,
,,,,Montessori School of Denver,8:30 am and end times vary depending age,Y,,End of January,,,,,"Denver, CO 80206",varies,,,,https://montessoridenver.org/student-life/summer-camp/,,"Elementary Camp themes may include Do-Good Camp, Climbing Wall (and other activities), Curious Jane Camps, Empowerment, Coding or Robotics, Art, Gardening, Intro to MSD Elementary, and more! Primary Camp themes may include Nature, S.T.E.A.M., World Cultures/Language, Zoology, and more! Toddler Camps will introduce our youngest students to the Toddler Village, classrooms, playgrounds, and Toddler Montessori work, and end the week with fun Friday water days!

",2 year old through 5th Grade,2 year old through 5th Grade,2 year old through 5th Grade,2 year old through 5th Grade,2 year old through 5th Grade,2 year old through 5th Grade,,,,,,,,,,,,,,,,,
,,,,"Montview Community 
Preschool",,,,No - TBD,,,,,,,,,,http://montviewpreschool.org/,,,,,,,,,,,,,,,,,,,,,,,,,
,,,sports,Northfield Tennis Camps,8:30 -11:30am,Y,,,,,,,"McAuliffe International School
2540 Holly Street",$279/half day,No,No,No,https://www.northfieldtennis.com/summer-camps.html,,,Ages 8 - 13,,,,Ages 8 - 13,Ages 8 - 13,Ages 8 - 13,Ages 8 - 13,,,,,,,,,,,,,,,
,,,,Oak Street Child Development Center,6:30am-6pm,,,Open Now,,,,,"6711 Grandview Ave., Arvada",$204/wk + new family registration,,,,https://www.oakstreetcdc.com/school-age/3301540 ,,This is a daycare center/preschool that provides care for infants through 12 years. They are opening a school age room for the summer and have spaces. The more children who enroll the more they will be able to do in terms of field trips for the older kids. They have lots of activities in the center for the kids over summer as well. This is a great option for parents who can't secure a spot in a regular full time camp or need more than the partial days of many other camps. Call or email the center for more info.,Age 5-12,,Age 5-12,Age 5-12,Age 5-12,Age 5-12,Age 5-12,,,,,,,,,,,,,,,,
,,,Preschool Play Based Camp,"Paddington Station 
Preschool",8:30am - 12:30pm,Y,,,,,,,"Paddington Station Preschool
1301 Quebec Street","2 week session - $570
3 week session - $855
6 week session - $1710",N,No,TBD,https://mcusercontent.com/b6086653e48cbf917a3ebd855/files/57c6ba58-bf59-4f0f-b581-c922a4775685/Summer_Camp_Packet_2021_wo_Registration_.pdf,,,Ages 3 - 5,Ages 3 - 5,Ages 3 - 5,,,,,,,,,,,,,,,,,,,,
,,,,Park Hill Childrens Center,,,,,,,,,,,,,,,,,,,,,,,,,,,,,,,,,,,,,,,
,,,Sports,Play Tennis: Fun and engaging tennis skills courses,"Hour long classes Tuesday - Friday 
Start time depends on level",,,Registration is open,,,,,Northfield High School Tennis Courts,$40 early bird or $50 includes four tennis lessons,,,,https://playtenniscenter.com/northfieldtennissummercamps/,,Tennis courses for kids who have never held a tennis racket up to varsity-level rising Seniors.,Rising 1st graders through rising Seniors,Rising 1st graders through rising Seniors,Rising 1st graders through rising Seniors,Rising 1st graders through rising Seniors,Rising 1st graders through rising Seniors,Rising 1st graders through rising Seniors,Rising 1st graders through rising Seniors,Rising 1st graders through rising Seniors,Rising 1st graders through rising Seniors,,,,,,,,,,,,,,
,,,Sports,Speed and Strength Summer Camps with Mighty Movement Academy,9am-1pm or 10am-2pm,,,NOW OPEN,,,,,2245 Kearney St (Park Hill),$219 Early Bird (regularly $249),,,,https://MightyMovementAcademy.com,,"Building Confidence is Our Strength! Weekly, half-day camps to boost speed and build strength",Ages 8-16,,,Ages 8-16,Ages 8-16,Ages 8-16,Ages 8-16,Ages 8-16,,,,,,,,,,,,,,,
,,,,Spree ,8:30a - 4 (or 5:30p with aftercare),8:30 AM,,,January 28 (unless member),,,,"610 S Jason St, Denver 80223",$350 + $65 for aftercare,,,"May the SPREE Force be With You
​Chomper's Fear Factor
​​Animal Olympics
Time Travelers
Wilderness Survival
Underwater Explorers
​​Nature is Calling
Pollinator Protectors
Food Web Frenzy
​​A Brush with Nature",https://www.thegreenwayfoundation.org/summercamp.html,,,,,,,,,,,,,,,,,,,,,,,,,
,,,,Square Skate Skate,,,,,,,,,,,,,,https://www.squarestateskate.com/,,,,,,,,,,,,,,,,,,,,,,,,,
,,,Sports,Stapleton All Sports,"9am - 12pm

1-4pm (Basketball)
1-3pm (Golf)",,,Y,,,,,"Multi Sport @ Central Park

see website for locations of other
speciality camps",$140 - $200 depending on camp,Y - sibling & multi week,No,N,http://www.stapletonallsports.com/index.php?show=program_schedules,,,"Ages 4-10 (Tennis)
Ages 4- 11 (Multi Sport Camp)
4th-8th grade (Volleyball)
Ages 6-12 (Golf)
3rd - 6th grade (Basketball)
","Ages 4-10 (Tennis)
Ages 4- 11 (Multi Sport Camp)
4th-8th grade (Volleyball)
Ages 6-12 (Golf)
3rd - 6th grade (Basketball)
","Ages 4-10 (Tennis)
Ages 4- 11 (Multi Sport Camp)
4th-8th grade (Volleyball)
Ages 6-12 (Golf)
3rd - 6th grade (Basketball)
","Ages 4-10 (Tennis)
Ages 4- 11 (Multi Sport Camp)
4th-8th grade (Volleyball)
Ages 6-12 (Golf)
3rd - 6th grade (Basketball)
","Ages 4-10 (Tennis)
Ages 4- 11 (Multi Sport Camp)
4th-8th grade (Volleyball)
Ages 6-12 (Golf)
3rd - 6th grade (Basketball)
","Ages 4-10 (Tennis)
Ages 4- 11 (Multi Sport Camp)
4th-8th grade (Volleyball)
Ages 6-12 (Golf)
3rd - 6th grade (Basketball)
","Ages 4-10 (Tennis)
Ages 4- 11 (Multi Sport Camp)
4th-8th grade (Volleyball)
Ages 6-12 (Golf)
3rd - 6th grade (Basketball)
",,,,,,,,,,,,,,,,
,,,Sports,The Spot Climbing Gym,"9-12, 1-4 or 9-3. each week has a different offering, either 2, 3 or 5 half/full day camps. ",,,,,,,,,"half day camp, either 9-12 or 1-4, $279 (price might go up 2/1/23 depending on how many early kid sign ups there are?). Full day camp, 9-3, $439 when available",$100 available for up to 25 early registration summer camp spots if you book in January ,,,https://www.thespotgym.com/summer-camp,"Spot Summer Camps have everything your child needs to stay active and engaged this summer. Your camper will build climbing skills, confidence and friendships while participating in arts and crafts projects, team building activities and everything that makes summer camps so memorable. Starting January 1, we’re offering a limited number of spaces at our lowest prices of the year.","Half and full day camps available, depending on the week, 9-12, 1-4. Full day some weeks, 9-3 pm. Early drop off and late pickup available for an extra $100/wk each",Ages 6-12,,Ages 6-12,Ages 6-12,Ages 6-12,Ages 6-12,Ages 6-12,,,"Half Days available, 9-12, 1-4 pm","Half Days available, 9-12, 1-4 pm",full days available,"full days available 26, 27, 28. 9-3pm. $219 camp for 9-13 yos for 29 & 30, ","single days M-W, then 2 day camp for Th/Fr",full days available,"3 day M-W camp, $265/3-day; 2 day Th/Fri camp","Half Days available, 9-12, 1-4 pm","Just AM half day, 9-12 available",full days available,,,,
,,,Variety,University Denver ,,,,,,,,,,,,,,"
 https://www.lavnercampsandprograms.com/location/denver-co-summer-camps-tech-camps-university-of-denver/",,,,,,,,,,,,,,,,,,,,,,,,,
,,,Variety ,YMCA day camps,"8 AM – 4 PM; 6:30 – 8 AM before care, 4 – 5:30 PM aftercare",6:30 AM,5:30 PM,"January 28, 2026:  Open to the general publicJanuary 21, 2026:  Open to members
",,,6/2-8/14,,"Various, see column T","$270 for members/$320 non-members
Different prices for specialty camps and kinder camp",,,,https://www.denverymca.org/programs/youth-programs/summer-day-camp,,"Day Camps: Arvada-Duncan YMCA (6/2-8/7; Before & After; no care 6/19 & 7/1)
Aurora YMCA (APS) (6/2-7/31; After Care; no care 6/19 & 7/1)
Park Hill Neighborhood (6/9-8/14; After Care; no care 6/19 & 7/1)
Downtown Denver Area (6/9-8/8; Before & After; CCCAP; no care 6/19 & 7/1)*
Elkhart Elementary (6/2-7/31; Before & After; CCCAP; no care 6/19 & 7/1)*
Excel Academy (6/2-8/7; After care; CCCAP; no care 6/19 & 7/1)*
Glendale Sports Center (6/2-8/7; Before & After; no care 6/19 & 7/1)
Reunion (6/2-8/7; After care; no care 6/19 & 7/1)
Palmer Elementary ^ (6/9-8/8; After Care; CCCAP; no care 6/19 & 7/1)*
Shelton Elementary (6/2-8/7; After Care; CCCAP; no care 6/19 & 7/1)*
Southwest YMCA (6/2-8/8; Before & After; CCCAP; no care 6/19 & 7/1)*
Trailside Academy (6/9-8/1; Before & After; CCCAP; no care 6/19 & 7/1)*
Yale Elementary (6/2-7/31; After care; CCCAP; no care 6/19 & 7/1)*
University Hills-Schlessman YMCA (6/9-8/14; Before & After; CCCAP; no care 6/19 & 7/1)*",5 - 12 (and 4 year olds entering Kinder),,5 - 12 (and 4 year olds entering Kinder),5 - 12,5 - 12,5 - 12,5 - 12,,,,,,,,,,,,,,,,
,,,Language,Better World Language,,,,,,,,,,,,,,https://www.betterworldlanguages.org/courses,"Daily Language lessons with native-speaking instructors

Fun cultural activities like games, arts & crafts, and cooking

Outdoor adventures and team-building exercises

Exciting themed days (French/Latin cuisine, music, movies, and more!)

Small group sizes for personalized attention",,,,,,,,,,,,,,,,,,,,,,,,
,,,Dance,Park Hill Dance Academy,"Thankful for Dance camp 11/20-11/22 
M-W 9am-12pm, Ages 3-5, Ages 6-8 

Winter Break Camps 12/18-12/22 
M-F 9am-12pm, Ages 3-5, Ages 6-8


Winter Break Camps12/27-12/29
W-F 9am-12 pm, Ages 3-5, Ages 6-8",,,open now,,,,,2245 Kearney Street #103,"$150 for a 3 day/week camp, $250 for a 5 day camp",No,No,Thanksgiving and Winter Break offerings,https://parkhilldance.zenplanner.com/zenplanner/portal/sign-up-now.cfm,,Dancers do not have to own dance attire to attend dance camps. Please bring snacks and dress comfortably. No previous dance training necessary.,"Ages 3-5 (Fairytale Camp)
Ages 6-8 (Young Dancer Intesive)
*There are some options for older campers as well 
that require auditions.",x,x,x,,,,,,,,,,,,,,,,,,,
,,,Sports,Shredder Indoor Skiing,,,,,,,,,,,,,,https://www.shredderski.com/additional-programs/,,,,,,,,,,,,,,,,,,,,,,,,,
,,,Language,Spanish Learning,10 am to 4 pm,n,n,,,,,,,,$399/Week,,,https://www.spanishlearningnetwork.com/,,,,,,,,,,,,,,,,,,,,,,,,,
,,,,,,,,,,,,,,,,,,,,,,,,,,,,,,,,,,,,,,,,,,,
EP,,Lakewood.org,Summer Day Camp,GALAXY (5-6),,,create an account,Feb 17th (books quick!),,pay weekly (as you go),,Lakewood,,,,,,,,,,,,,,,,,,,,,,,,,,,,,,,
EP,,Lakewood.org,Summer Day Camp,ODASSY (7-9),,,,Feb 17th (books quick!),,($175/wk) + sibling 20% OFF,,,,,,,,,,,,,,,,,,,,,,,,,,,,,,,,,